truck_id,origin,destinations,width,height,length
0,"[-0.1715966336, 51.5393382483]","[[-0.1726801947, 51.51721979], [-0.08811283239, 51.5111991], [-0.1231958457, 51.53036755], [-0.1425202953, 51.49654998]]",1.9,1.8,5.6
1,"[-0.1103858794, 51.5438524668]","[[-0.1425202953, 51.49654998], [-0.1259365099, 51.53253756], [-0.1254974319, 51.50852485], [-0.1231958457, 51.53036755]]",2.0,1.7,4.4
2,"[-0.16613175, 51.5333272373]","[[-0.1425202953, 51.49654998], [-0.08229997944, 51.51856002], [-0.1231958457, 51.53036755]]",1.7,1.7,5.6
3,"[-0.1555098879, 51.4940700205]","[[-0.08597997021, 51.50396], [-0.1425202953, 51.49654998], [-0.1342243716, 51.52619485]]",2.0,1.8,5.3
4,"[-0.1599898433, 51.5593001851]","[[-0.1726801947, 51.51721979], [-0.1342243716, 51.52619485], [-0.08229997944, 51.51856002], [-0.1254974319, 51.50852485], [-0.1231958457, 51.53036755]]",1.6,1.9,5.3
5,"[-0.1187149308, 51.5757533932]","[[-0.08229997944, 51.51856002], [-0.1254974319, 51.50852485], [-0.08597997021, 51.50396], [-0.1259365099, 51.53253756], [-0.1231958457, 51.53036755], [-0.1726801947, 51.51721979]]",2.0,1.8,5.2
